image,x1,y1,x2,y2,label,width,height
im_0.jpg,4,15,46,95,0,200,200
im_0.jpg,39,75,117,173,0,200,200
im_0.jpg,95,160,137,198,0,200,200
im_1.jpg,15,25,62,78,0,200,200
im_1.jpg,45,48,98,115,0,200,200
im_1.jpg,92,85,153,165,0,200,200
im_1.jpg,164,162,200,200,0,200,200
im_10.jpg,5,96,65,197,0,200,200
im_100.jpg,4,5,95,72,0,200,200
im_100.jpg,105,78,183,183,0,200,200
im_101.jpg,107,4,188,71,0,200,200
im_102.jpg,22,55,89,170,0,200,200
im_102.jpg,87,105,156,198,0,200,200
im_103.jpg,24,2,82,49,0,200,200
im_103.jpg,85,15,149,104,0,200,200
im_103.jpg,153,65,200,156,0,200,200
im_104.jpg,169,2,200,39,0,200,200
im_104.jpg,4,119,52,199,0,200,200
im_105.jpg,9,3,66,64,0,200,200
im_105.jpg,63,35,146,153,0,200,200
im_105.jpg,138,126,199,198,0,200,200
im_106.jpg,161,6,200,61,0,200,200
im_106.jpg,4,163,75,200,0,200,200
im_107.jpg,16,38,101,138,0,200,200
im_107.jpg,172,137,200,199,0,200,200
im_108.jpg,7,8,91,151,0,200,200
im_108.jpg,70,59,149,200,0,200,200
im_109.jpg,155,2,189,25,0,200,200
im_11.jpg,4,3,40,43,0,200,200
im_11.jpg,44,16,117,107,0,200,200
im_11.jpg,109,61,187,156,0,200,200
im_110.jpg,4,2,77,105,0,200,200
im_110.jpg,67,48,160,175,0,200,200
im_110.jpg,154,129,199,200,0,200,200
im_112.jpg,112,3,177,54,0,200,200
im_112.jpg,94,45,165,114,0,200,200
im_112.jpg,95,130,150,180,0,200,200
im_112.jpg,5,42,29,113,1,200,200
im_113.jpg,82,4,125,47,0,200,200
im_113.jpg,73,57,125,102,0,200,200
im_113.jpg,69,110,124,155,0,200,200
im_113.jpg,68,156,125,198,0,200,200
im_114.jpg,39,5,97,51,0,200,200
im_114.jpg,38,47,98,100,0,200,200
im_114.jpg,40,98,101,153,0,200,200
im_114.jpg,46,153,109,199,0,200,200
im_115.jpg,6,52,82,145,0,200,200
im_115.jpg,26,139,93,177,0,200,200
im_115.jpg,51,166,101,200,0,200,200
im_116.jpg,68,46,116,96,0,200,200
im_116.jpg,45,108,107,163,0,200,200
im_117.jpg,42,19,128,79,0,200,200
im_117.jpg,51,81,122,151,0,200,200
im_117.jpg,43,152,127,199,0,200,200
im_118.jpg,57,18,111,92,0,200,200
im_118.jpg,60,102,128,150,0,200,200
im_118.jpg,62,154,151,199,0,200,200
im_119.jpg,38,3,110,37,0,200,200
im_119.jpg,47,39,124,105,0,200,200
im_119.jpg,68,108,146,180,0,200,200
im_12.jpg,54,4,176,80,0,200,200
im_12.jpg,119,55,199,171,0,200,200
im_120.jpg,34,2,95,49,0,200,200
im_120.jpg,21,54,82,148,0,200,200
im_121.jpg,26,2,120,91,0,200,200
im_121.jpg,26,138,133,199,0,200,200
im_122.jpg,78,3,121,35,0,200,200
im_122.jpg,74,63,149,142,0,200,200
im_122.jpg,76,147,178,199,0,200,200
im_123.jpg,79,5,170,60,0,200,200
im_123.jpg,108,89,199,158,0,200,200
im_123.jpg,131,174,198,199,0,200,200
im_124.jpg,4,61,64,160,0,200,200
im_125.jpg,24,33,130,138,0,200,200
im_126.jpg,71,2,163,36,0,200,200
im_126.jpg,89,61,188,163,0,200,200
im_127.jpg,137,3,199,81,0,200,200
im_128.jpg,53,10,110,86,0,200,200
im_128.jpg,35,92,93,199,0,200,200
im_129.jpg,8,17,46,48,0,200,200
im_129.jpg,5,34,43,121,0,200,200
im_129.jpg,4,136,39,199,0,200,200
im_129.jpg,123,3,175,58,0,200,200
im_129.jpg,127,64,189,118,0,200,200
im_129.jpg,131,118,195,197,0,200,200
im_130.jpg,56,0,101,39,0,200,200
im_130.jpg,62,39,119,85,0,200,200
im_130.jpg,80,100,146,160,0,200,200
im_130.jpg,102,160,152,199,0,200,200
im_131.jpg,132,18,174,59,0,200,200
im_131.jpg,159,54,199,124,0,200,200
im_131.jpg,6,5,51,55,0,200,200
im_131.jpg,22,56,93,150,0,200,200
im_131.jpg,62,147,126,200,0,200,200
im_132.jpg,3,23,69,98,0,200,200
im_132.jpg,5,102,61,198,0,200,200
im_132.jpg,170,4,198,199,0,200,200
im_133.jpg,3,5,37,38,0,200,200
im_133.jpg,5,40,41,97,0,200,200
im_133.jpg,3,100,40,158,0,200,200
im_133.jpg,4,158,42,199,0,200,200
im_133.jpg,133,4,200,48,0,200,200
im_133.jpg,151,48,200,108,0,200,200
im_133.jpg,174,119,200,200,0,200,200
im_134.jpg,109,4,158,44,0,200,200
im_134.jpg,130,47,189,96,0,200,200
im_134.jpg,136,98,199,155,0,200,200
im_134.jpg,154,157,199,199,0,200,200
im_135.jpg,79,5,138,30,0,200,200
im_135.jpg,101,33,159,88,0,200,200
im_135.jpg,120,85,192,147,0,200,200
im_135.jpg,157,143,198,199,0,200,200
im_135.jpg,5,161,27,198,0,200,200
im_136.jpg,152,5,199,103,0,200,200
im_136.jpg,164,110,199,198,0,200,200
im_136.jpg,4,2,40,37,0,200,200
im_136.jpg,3,42,26,96,0,200,200
im_137.jpg,4,5,50,72,0,200,200
im_137.jpg,3,115,48,190,0,200,200
im_138.jpg,3,45,38,122,0,200,200
im_138.jpg,7,124,67,194,0,200,200
im_139.jpg,4,23,43,105,0,200,200
im_139.jpg,16,110,85,193,0,200,200
im_14.jpg,70,4,137,113,0,200,200
im_14.jpg,138,85,200,200,0,200,200
im_140.jpg,146,5,198,81,0,200,200
im_140.jpg,145,103,199,197,0,200,200
im_141.jpg,4,4,55,71,0,200,200
im_141.jpg,3,90,48,176,0,200,200
im_142.jpg,15,31,79,95,0,200,200
im_142.jpg,15,98,103,200,0,200,200
im_143.jpg,30,4,138,84,0,200,200
im_143.jpg,67,86,178,198,0,200,200
im_144.jpg,35,35,73,89,0,200,200
im_144.jpg,88,29,132,85,0,200,200
im_144.jpg,143,26,198,87,0,200,200
im_144.jpg,10,135,58,200,0,200,200
im_144.jpg,63,137,120,199,0,200,200
im_144.jpg,125,137,198,199,0,200,200
im_145.jpg,7,23,45,79,0,200,200
im_145.jpg,53,33,91,81,0,200,200
im_145.jpg,95,27,149,82,0,200,200
im_145.jpg,162,28,200,84,0,200,200
im_145.jpg,4,153,39,200,0,200,200
im_145.jpg,46,146,102,199,0,200,200
im_145.jpg,108,142,165,197,0,200,200
im_145.jpg,174,160,200,198,0,200,200
im_146.jpg,167,38,196,113,0,200,200
im_146.jpg,16,138,74,199,0,200,200
im_146.jpg,94,139,142,200,0,200,200
im_146.jpg,146,140,194,198,0,200,200
im_147.jpg,11,29,60,97,0,200,200
im_147.jpg,66,37,104,100,0,200,200
im_147.jpg,110,31,147,97,0,200,200
im_147.jpg,153,41,187,100,0,200,200
im_147.jpg,46,151,100,200,0,200,200
im_147.jpg,110,153,160,200,0,200,200
im_147.jpg,161,151,198,199,0,200,200
im_148.jpg,7,3,62,31,0,200,200
im_148.jpg,66,1,104,29,0,200,200
im_148.jpg,123,0,170,24,0,200,200
im_148.jpg,4,122,80,197,0,200,200
im_148.jpg,81,115,164,199,0,200,200
im_148.jpg,174,144,200,200,0,200,200
im_149.jpg,5,3,42,24,0,200,200
im_149.jpg,53,3,105,34,0,200,200
im_149.jpg,116,4,155,28,0,200,200
im_149.jpg,171,7,200,34,0,200,200
im_149.jpg,3,113,97,199,0,200,200
im_149.jpg,98,88,172,200,0,200,200
im_15.jpg,8,143,91,200,0,200,200
im_150.jpg,3,1,172,27,0,200,200
im_150.jpg,3,94,99,200,0,200,200
im_150.jpg,106,94,195,198,0,200,200
im_151.jpg,4,81,48,177,0,200,200
im_151.jpg,51,79,106,182,0,200,200
im_151.jpg,109,80,174,184,0,200,200
im_151.jpg,163,107,199,170,0,200,200
im_152.jpg,151,148,200,200,0,200,200
im_152.jpg,60,167,143,199,0,200,200
im_153.jpg,32,147,102,200,0,200,200
im_153.jpg,103,137,193,200,0,200,200
im_154.jpg,9,121,75,200,0,200,200
im_154.jpg,79,154,137,199,0,200,200
im_154.jpg,157,130,200,196,0,200,200
im_155.jpg,116,111,199,198,0,200,200
im_155.jpg,4,116,51,200,0,200,200
im_156.jpg,4,0,50,79,0,200,200
im_156.jpg,59,5,124,79,0,200,200
im_156.jpg,147,3,200,78,0,200,200
im_157.jpg,53,1,111,69,0,200,200
im_157.jpg,118,4,187,59,0,200,200
im_158.jpg,18,2,124,43,0,200,200
im_16.jpg,59,69,99,120,0,200,200
im_16.jpg,17,148,67,199,0,200,200
im_16.jpg,155,138,199,199,0,200,200
im_16.jpg,176,86,198,123,1,200,200
im_160.jpg,119,3,167,48,0,200,200
im_160.jpg,111,45,158,83,0,200,200
im_160.jpg,71,104,125,153,0,200,200
im_160.jpg,41,137,113,200,0,200,200
im_161.jpg,38,2,104,62,0,200,200
im_161.jpg,10,70,84,123,0,200,200
im_161.jpg,14,118,79,163,0,200,200
im_161.jpg,3,162,61,200,0,200,200
im_161.jpg,175,3,200,73,0,200,200
im_161.jpg,168,65,199,129,0,200,200
im_161.jpg,160,137,199,199,0,200,200
im_162.jpg,110,0,148,35,0,200,200
im_162.jpg,111,39,174,87,0,200,200
im_162.jpg,112,88,163,131,0,200,200
im_162.jpg,124,143,170,179,0,200,200
im_162.jpg,3,2,31,46,0,200,200
im_162.jpg,4,46,35,115,0,200,200
im_162.jpg,5,133,24,185,0,200,200
im_163.jpg,29,2,94,23,0,200,200
im_163.jpg,36,21,99,56,0,200,200
im_163.jpg,51,57,97,97,0,200,200
im_163.jpg,75,107,141,198,0,200,200
im_163.jpg,162,4,200,94,0,200,200
im_164.jpg,38,0,93,41,0,200,200
im_164.jpg,4,66,55,200,0,200,200
im_164.jpg,171,27,200,58,0,200,200
im_164.jpg,167,58,199,130,0,200,200
im_164.jpg,152,122,199,199,0,200,200
im_165.jpg,162,4,200,60,0,200,200
im_165.jpg,157,49,199,103,0,200,200
im_165.jpg,7,1,44,43,0,200,200
im_165.jpg,4,59,35,123,0,200,200
im_166.jpg,118,24,169,62,0,200,200
im_166.jpg,129,112,189,163,0,200,200
im_167.jpg,88,1,160,64,0,200,200
im_167.jpg,109,82,150,130,0,200,200
im_168.jpg,114,2,200,66,0,200,200
im_168.jpg,106,80,172,133,0,200,200
im_168.jpg,110,159,153,200,0,200,200
im_169.jpg,141,50,196,109,0,200,200
im_169.jpg,118,128,190,187,0,200,200
im_17.jpg,35,2,73,46,0,200,200
im_17.jpg,147,126,196,186,0,200,200
im_17.jpg,14,128,85,197,1,200,200
im_17.jpg,88,126,144,200,1,200,200
im_17.jpg,121,97,172,130,1,200,200
im_17.jpg,168,17,199,74,1,200,200
im_17.jpg,5,35,46,130,0,200,200
im_170.jpg,143,22,177,61,0,200,200
im_170.jpg,140,91,198,199,0,200,200
im_171.jpg,145,7,180,48,0,200,200
im_171.jpg,160,50,199,116,0,200,200
im_171.jpg,174,114,200,200,0,200,200
im_172.jpg,72,2,158,42,0,200,200
im_172.jpg,60,43,132,165,0,200,200
im_172.jpg,53,163,99,200,0,200,200
im_173.jpg,110,24,189,105,0,200,200
im_173.jpg,119,127,189,199,0,200,200
im_174.jpg,147,15,199,93,0,200,200
im_174.jpg,159,140,200,199,0,200,200
im_175.jpg,4,37,32,107,0,200,200
im_175.jpg,4,134,58,200,0,200,200
im_176.jpg,4,85,45,146,0,200,200
im_176.jpg,31,48,84,102,0,200,200
im_176.jpg,94,38,123,70,0,200,200
im_176.jpg,133,1,165,24,0,200,200
im_176.jpg,160,105,200,182,0,200,200
im_177.jpg,4,54,54,117,0,200,200
im_177.jpg,40,3,97,78,0,200,200
im_177.jpg,86,2,137,41,0,200,200
im_177.jpg,79,165,123,200,1,200,200
im_177.jpg,121,153,194,199,0,200,200
im_177.jpg,164,108,199,170,0,200,200
im_178.jpg,4,86,24,134,1,200,200
im_178.jpg,67,2,138,37,0,200,200
im_178.jpg,34,31,95,70,1,200,200
im_178.jpg,64,84,131,167,1,200,200
im_178.jpg,141,117,200,200,0,200,200
im_179.jpg,51,3,120,40,0,200,200
im_179.jpg,31,32,85,83,0,200,200
im_179.jpg,54,67,117,133,1,200,200
im_179.jpg,33,155,83,198,1,200,200
im_179.jpg,156,115,200,199,0,200,200
im_18.jpg,4,3,82,103,1,200,200
im_18.jpg,70,0,112,59,1,200,200
im_18.jpg,10,120,51,170,1,200,200
im_18.jpg,28,176,75,200,1,200,200
im_18.jpg,161,151,200,199,1,200,200
im_18.jpg,114,56,158,92,1,200,200
im_18.jpg,90,84,163,139,0,200,200
im_18.jpg,96,147,153,198,0,200,200
im_180.jpg,56,21,122,73,0,200,200
im_180.jpg,3,54,85,144,0,200,200
im_181.jpg,124,3,178,31,0,200,200
im_181.jpg,71,2,126,56,1,200,200
im_181.jpg,34,70,112,140,0,200,200
im_181.jpg,6,135,79,199,0,200,200
im_181.jpg,144,153,176,192,1,200,200
im_182.jpg,8,4,62,100,1,200,200
im_182.jpg,13,149,109,199,0,200,200
im_182.jpg,79,100,138,163,0,200,200
im_182.jpg,141,3,199,45,1,200,200
im_182.jpg,171,39,200,130,1,200,200
im_183.jpg,4,14,48,116,1,200,200
im_183.jpg,53,8,121,91,1,200,200
im_183.jpg,52,93,111,155,1,200,200
im_183.jpg,98,97,169,163,1,200,200
im_183.jpg,132,146,190,199,1,200,200
im_183.jpg,147,3,200,67,0,200,200
im_184.jpg,150,3,200,77,0,200,200
im_184.jpg,85,81,167,168,0,200,200
im_184.jpg,29,163,89,200,0,200,200
im_185.jpg,133,88,200,199,0,200,200
im_186.jpg,36,1,98,47,0,200,200
im_186.jpg,3,22,63,125,0,200,200
im_186.jpg,3,125,34,199,0,200,200
im_186.jpg,163,1,199,84,1,200,200
im_187.jpg,3,8,34,77,1,200,200
im_187.jpg,119,3,199,58,1,200,200
im_187.jpg,50,39,119,91,1,200,200
im_187.jpg,8,78,50,140,1,200,200
im_187.jpg,40,51,113,123,0,200,200
im_187.jpg,70,156,113,199,1,200,200
im_187.jpg,3,128,79,199,0,200,200
im_188.jpg,43,3,109,42,0,200,200
im_188.jpg,5,62,54,142,0,200,200
im_189.jpg,76,3,179,106,0,200,200
im_189.jpg,21,108,122,198,0,200,200
im_19.jpg,87,5,144,46,1,200,200
im_19.jpg,171,68,199,102,1,200,200
im_19.jpg,153,147,200,200,1,200,200
im_19.jpg,20,1,86,58,0,200,200
im_19.jpg,3,46,43,127,1,200,200
im_19.jpg,39,97,101,192,1,200,200
im_190.jpg,148,10,200,109,0,200,200
im_190.jpg,79,114,198,199,0,200,200
im_191.jpg,5,2,54,33,0,200,200
im_191.jpg,49,22,99,61,1,200,200
im_191.jpg,3,34,59,163,0,200,200
im_192.jpg,64,3,138,42,0,200,200
im_192.jpg,70,40,124,90,0,200,200
im_192.jpg,66,90,121,142,0,200,200
im_192.jpg,26,151,125,198,0,200,200
im_192.jpg,126,40,194,87,1,200,200
im_193.jpg,123,7,183,63,1,200,200
im_193.jpg,29,90,90,133,0,200,200
im_193.jpg,38,136,111,199,0,200,200
im_193.jpg,97,97,176,157,1,200,200
im_193.jpg,47,4,142,90,1,200,200
im_194.jpg,69,2,169,34,1,200,200
im_194.jpg,155,34,199,110,1,200,200
im_194.jpg,46,134,132,191,1,200,200
im_194.jpg,6,4,71,57,0,200,200
im_194.jpg,16,55,82,110,0,200,200
im_195.jpg,3,25,47,77,0,200,200
im_195.jpg,8,70,53,127,0,200,200
im_195.jpg,18,113,82,187,0,200,200
im_195.jpg,49,2,120,25,1,200,200
im_195.jpg,162,5,200,79,0,200,200
im_197.jpg,34,63,110,143,0,200,200
im_197.jpg,153,53,200,103,1,200,200
im_197.jpg,44,149,131,200,0,200,200
im_198.jpg,45,18,124,106,0,200,200
im_198.jpg,61,103,138,200,0,200,200
im_198.jpg,12,89,57,170,1,200,200
im_199.jpg,30,2,82,53,0,200,200
im_199.jpg,48,62,113,121,0,200,200
im_199.jpg,50,121,154,199,0,200,200
im_2.jpg,5,2,65,64,0,200,200
im_2.jpg,56,35,107,96,0,200,200
im_2.jpg,103,75,146,129,0,200,200
im_2.jpg,142,90,198,167,0,200,200
im_20.jpg,3,100,42,158,1,200,200
im_20.jpg,138,5,199,54,0,200,200
im_20.jpg,137,51,193,103,0,200,200
im_20.jpg,78,92,196,191,0,200,200
im_200.jpg,8,21,57,98,0,200,200
im_200.jpg,3,141,55,199,0,200,200
im_201.jpg,38,9,133,94,0,200,200
im_201.jpg,10,102,128,197,0,200,200
im_202.jpg,67,3,148,67,0,200,200
im_202.jpg,60,71,178,197,0,200,200
im_203.jpg,115,79,199,200,0,200,200
im_204.jpg,4,0,51,39,0,200,200
im_205.jpg,11,19,115,132,0,200,200
im_206.jpg,55,3,177,96,0,200,200
im_206.jpg,107,124,197,200,0,200,200
im_207.jpg,132,2,200,108,0,200,200
im_208.jpg,4,66,20,113,0,200,200
im_208.jpg,14,102,46,140,0,200,200
im_208.jpg,54,139,102,196,0,200,200
im_208.jpg,86,1,112,32,0,200,200
im_208.jpg,119,3,147,58,0,200,200
im_208.jpg,147,31,174,76,0,200,200
im_208.jpg,174,55,199,103,0,200,200
im_209.jpg,55,3,78,27,0,200,200
im_209.jpg,5,70,36,124,0,200,200
im_209.jpg,32,108,62,146,0,200,200
im_209.jpg,65,124,103,183,0,200,200
im_209.jpg,81,4,105,40,0,200,200
im_209.jpg,118,36,136,69,0,200,200
im_209.jpg,144,48,171,90,0,200,200
im_209.jpg,175,65,200,109,0,200,200
im_21.jpg,4,2,71,50,1,200,200
im_21.jpg,76,5,144,96,1,200,200
im_21.jpg,9,125,48,161,1,200,200
im_21.jpg,92,142,172,198,0,200,200
im_21.jpg,118,89,181,136,0,200,200
im_21.jpg,160,3,195,46,1,200,200
im_210.jpg,40,3,69,42,0,200,200
im_210.jpg,103,31,147,87,0,200,200
im_210.jpg,149,63,184,105,0,200,200
im_210.jpg,10,99,40,139,0,200,200
im_210.jpg,54,121,91,169,0,200,200
im_210.jpg,91,151,119,187,0,200,200
im_211.jpg,16,24,35,49,0,200,200
im_211.jpg,146,8,175,29,0,200,200
im_211.jpg,63,26,94,72,0,200,200
im_211.jpg,104,49,137,92,0,200,200
im_211.jpg,141,70,173,112,0,200,200
im_211.jpg,173,91,200,134,0,200,200
im_211.jpg,4,86,27,126,0,200,200
im_211.jpg,73,131,116,183,0,200,200
im_211.jpg,116,154,168,198,0,200,200
im_212.jpg,120,10,157,49,0,200,200
im_212.jpg,160,24,200,96,0,200,200
im_212.jpg,5,133,42,193,0,200,200
im_213.jpg,138,4,172,40,0,200,200
im_213.jpg,185,45,199,73,0,200,200
im_213.jpg,5,75,35,128,0,200,200
im_213.jpg,37,116,72,162,0,200,200
im_213.jpg,83,159,128,199,0,200,200
im_214.jpg,16,60,52,109,0,200,200
im_214.jpg,173,7,200,51,0,200,200
im_214.jpg,66,104,97,140,0,200,200
im_214.jpg,118,139,157,185,0,200,200
im_214.jpg,158,161,193,199,0,200,200
im_215.jpg,22,35,63,86,0,200,200
im_215.jpg,118,91,180,151,0,200,200
im_215.jpg,164,4,200,35,0,200,200
im_216.jpg,21,2,74,50,0,200,200
im_216.jpg,65,37,121,94,0,200,200
im_216.jpg,109,83,175,148,0,200,200
im_216.jpg,168,145,199,194,0,200,200
im_217.jpg,125,10,159,39,0,200,200
im_217.jpg,162,23,198,99,0,200,200
im_218.jpg,3,11,31,79,0,200,200
im_218.jpg,35,104,76,159,0,200,200
im_218.jpg,80,138,132,197,0,200,200
im_219.jpg,18,13,65,61,0,200,200
im_219.jpg,76,54,128,103,0,200,200
im_219.jpg,155,115,198,163,0,200,200
im_22.jpg,17,2,73,44,1,200,200
im_22.jpg,152,3,199,39,1,200,200
im_22.jpg,106,3,140,32,0,200,200
im_22.jpg,105,32,153,77,0,200,200
im_22.jpg,104,80,154,132,0,200,200
im_22.jpg,98,149,160,200,0,200,200
im_221.jpg,56,50,126,141,0,200,200
im_221.jpg,123,131,199,197,0,200,200
im_222.jpg,144,2,192,64,0,200,200
im_223.jpg,21,73,64,132,0,200,200
im_223.jpg,85,136,153,198,0,200,200
im_224.jpg,78,4,132,37,0,200,200
im_224.jpg,43,46,130,126,1,200,200
im_224.jpg,140,107,187,152,1,200,200
im_224.jpg,5,131,39,200,1,200,200
im_224.jpg,98,149,132,200,1,200,200
im_224.jpg,49,139,86,197,0,200,200
im_225.jpg,15,5,65,50,0,200,200
im_225.jpg,22,51,65,103,0,200,200
im_225.jpg,39,135,88,182,1,200,200
im_225.jpg,13,138,44,198,0,200,200
im_225.jpg,165,3,200,85,0,200,200
im_226.jpg,4,1,31,67,0,200,200
im_226.jpg,66,1,113,19,1,200,200
im_226.jpg,117,3,194,66,0,200,200
im_226.jpg,136,66,198,161,0,200,200
im_227.jpg,69,2,123,42,0,200,200
im_227.jpg,96,35,156,82,0,200,200
im_227.jpg,160,42,200,114,1,200,200
im_227.jpg,108,83,170,138,0,200,200
im_227.jpg,86,124,132,165,1,200,200
im_227.jpg,133,142,197,197,0,200,200
im_227.jpg,5,157,34,200,0,200,200
im_228.jpg,4,3,41,56,1,200,200
im_228.jpg,113,2,158,43,1,200,200
im_228.jpg,42,1,88,38,0,200,200
im_228.jpg,24,51,80,104,0,200,200
im_228.jpg,16,112,65,165,0,200,200
im_229.jpg,17,13,63,62,0,200,200
im_229.jpg,9,77,61,126,0,200,200
im_229.jpg,9,139,53,199,0,200,200
im_229.jpg,134,28,156,57,1,200,200
im_229.jpg,123,120,174,171,1,200,200
im_229.jpg,84,172,145,200,1,200,200
im_229.jpg,159,49,197,92,1,200,200
im_229.jpg,176,94,199,172,1,200,200
im_23.jpg,25,47,77,103,1,200,200
im_23.jpg,64,140,114,197,1,200,200
im_23.jpg,59,1,129,32,0,200,200
im_23.jpg,75,34,147,113,0,200,200
im_23.jpg,115,153,189,200,0,200,200
im_230.jpg,3,44,37,104,1,200,200
im_230.jpg,3,104,39,141,1,200,200
im_230.jpg,22,118,83,182,0,200,200
im_230.jpg,178,4,200,59,0,200,200
im_231.jpg,4,50,52,98,0,200,200
im_231.jpg,8,98,78,166,0,200,200
im_231.jpg,163,3,200,57,0,200,200
im_231.jpg,177,58,199,108,0,200,200
im_231.jpg,4,2,31,39,0,200,200
im_231.jpg,17,174,80,199,0,200,200
im_232.jpg,59,65,94,119,1,200,200
im_232.jpg,13,134,75,199,1,200,200
im_232.jpg,4,4,53,63,1,200,200
im_233.jpg,80,3,152,80,1,200,200
im_233.jpg,11,7,70,115,0,200,200
im_234.jpg,19,6,61,61,0,200,200
im_234.jpg,60,20,108,97,1,200,200
im_234.jpg,90,74,153,180,1,200,200
im_234.jpg,160,137,196,178,1,200,200
im_235.jpg,30,3,105,46,0,200,200
im_235.jpg,46,53,130,134,0,200,200
im_235.jpg,64,141,141,200,0,200,200
im_236.jpg,5,2,68,112,1,200,200
im_237.jpg,4,4,79,88,0,200,200
im_237.jpg,3,116,75,200,0,200,200
im_238.jpg,31,66,151,197,0,200,200
im_238.jpg,50,8,89,43,0,200,200
im_239.jpg,9,70,88,196,1,200,200
im_239.jpg,84,3,161,39,0,200,200
im_239.jpg,88,51,181,158,0,200,200
im_24.jpg,91,1,158,28,0,200,200
im_24.jpg,55,33,137,115,0,200,200
im_24.jpg,31,120,129,192,0,200,200
im_240.jpg,6,52,43,132,0,200,200
im_240.jpg,145,1,197,60,0,200,200
im_240.jpg,32,128,119,196,0,200,200
im_241.jpg,3,3,42,64,0,200,200
im_241.jpg,38,51,84,106,0,200,200
im_241.jpg,84,60,137,135,0,200,200
im_241.jpg,135,109,174,179,0,200,200
im_242.jpg,23,2,113,49,0,200,200
im_242.jpg,125,28,194,114,0,200,200
im_242.jpg,5,152,93,200,0,200,200
im_243.jpg,82,3,154,40,0,200,200
im_243.jpg,48,107,113,184,0,200,200
im_243.jpg,113,147,188,197,0,200,200
im_243.jpg,5,101,33,143,0,200,200
im_244.jpg,106,3,166,61,0,200,200
im_244.jpg,164,31,200,121,0,200,200
im_245.jpg,3,30,58,80,0,200,200
im_245.jpg,10,82,80,155,0,200,200
im_245.jpg,91,132,135,179,1,200,200
im_245.jpg,135,146,199,200,0,200,200
im_246.jpg,10,1,92,57,0,200,200
im_246.jpg,92,8,168,97,0,200,200
im_246.jpg,153,76,197,151,0,200,200
im_247.jpg,26,109,101,198,0,200,200
im_247.jpg,167,7,199,64,0,200,200
im_247.jpg,144,131,197,177,1,200,200
im_247.jpg,108,152,139,200,0,200,200
im_248.jpg,5,3,28,73,0,200,200
im_248.jpg,18,75,89,143,0,200,200
im_248.jpg,79,102,169,196,0,200,200
im_249.jpg,102,3,186,83,0,200,200
im_25.jpg,103,29,157,76,0,200,200
im_25.jpg,158,58,198,107,1,200,200
im_250.jpg,5,23,73,126,0,200,200
im_250.jpg,58,76,137,199,0,200,200
im_251.jpg,107,2,199,98,0,200,200
im_251.jpg,4,148,32,200,0,200,200
im_252.jpg,32,1,126,41,0,200,200
im_252.jpg,129,8,199,114,0,200,200
im_253.jpg,5,92,78,200,0,200,200
im_254.jpg,130,4,197,99,0,200,200
im_255.jpg,85,99,198,198,0,200,200
im_256.jpg,30,39,80,106,0,200,200
im_256.jpg,87,43,136,111,0,200,200
im_256.jpg,138,46,176,127,0,200,200
im_257.jpg,88,2,125,30,0,200,200
im_257.jpg,148,3,177,38,0,200,200
im_257.jpg,4,65,41,137,0,200,200
im_257.jpg,49,77,101,147,0,200,200
im_257.jpg,104,95,143,161,0,200,200
im_257.jpg,159,108,199,173,0,200,200
im_258.jpg,4,1,32,53,0,200,200
im_258.jpg,46,4,91,61,0,200,200
im_258.jpg,97,6,133,71,0,200,200
im_258.jpg,143,8,196,78,0,200,200
im_258.jpg,25,130,68,179,0,200,200
im_258.jpg,82,132,132,195,0,200,200
im_258.jpg,137,142,185,198,0,200,200
im_259.jpg,158,3,197,32,0,200,200
im_259.jpg,4,26,26,80,0,200,200
im_259.jpg,37,30,87,99,0,200,200
im_259.jpg,91,47,132,111,0,200,200
im_259.jpg,141,68,183,125,0,200,200
im_259.jpg,3,151,36,198,0,200,200
im_259.jpg,48,163,91,200,0,200,200
im_26.jpg,104,4,181,54,0,200,200
im_26.jpg,101,52,183,132,0,200,200
im_26.jpg,118,162,189,200,0,200,200
im_260.jpg,4,3,39,42,0,200,200
im_260.jpg,41,7,95,53,0,200,200
im_260.jpg,116,17,161,72,0,200,200
im_260.jpg,175,18,200,83,0,200,200
im_260.jpg,14,169,96,200,0,200,200
im_261.jpg,35,28,91,99,0,200,200
im_261.jpg,103,42,154,115,0,200,200
im_261.jpg,164,64,197,126,0,200,200
im_262.jpg,28,76,81,146,0,200,200
im_262.jpg,91,76,158,164,0,200,200
im_263.jpg,99,5,151,47,0,200,200
im_263.jpg,158,0,199,59,0,200,200
im_263.jpg,14,103,70,183,0,200,200
im_263.jpg,91,115,151,199,0,200,200
im_263.jpg,154,131,199,200,0,200,200
im_264.jpg,6,3,60,54,0,200,200
im_264.jpg,67,3,131,82,0,200,200
im_264.jpg,137,20,197,91,0,200,200
im_264.jpg,5,4,59,54,0,200,200
im_264.jpg,71,2,131,81,0,200,200
im_264.jpg,135,20,200,90,0,200,200
im_265.jpg,19,17,86,122,0,200,200
im_265.jpg,95,44,158,133,0,200,200
im_266.jpg,5,58,60,156,0,200,200
im_266.jpg,65,67,144,186,0,200,200
im_267.jpg,5,96,82,198,0,200,200
im_267.jpg,165,131,198,198,0,200,200
im_268.jpg,4,77,73,174,0,200,200
im_268.jpg,80,109,151,196,0,200,200
im_269.jpg,5,111,70,199,0,200,200
im_269.jpg,109,143,159,200,0,200,200
im_27.jpg,105,27,191,94,0,200,200
im_27.jpg,135,95,198,155,1,200,200
im_271.jpg,13,1,89,31,0,200,200
im_271.jpg,171,2,198,51,0,200,200
im_272.jpg,117,4,197,82,0,200,200
im_272.jpg,4,56,32,113,0,200,200
im_272.jpg,25,114,54,146,0,200,200
im_272.jpg,47,150,106,198,0,200,200
im_273.jpg,162,18,200,133,1,200,200
im_273.jpg,13,117,87,198,1,200,200
im_273.jpg,169,141,197,199,1,200,200
im_273.jpg,89,128,166,199,0,200,200
im_273.jpg,4,21,66,100,0,200,200
im_274.jpg,5,34,34,103,1,200,200
im_274.jpg,4,122,32,198,1,200,200
im_274.jpg,122,161,178,198,1,200,200
im_274.jpg,38,35,82,93,0,200,200
im_274.jpg,84,64,130,133,0,200,200
im_274.jpg,130,105,186,161,0,200,200
im_275.jpg,8,1,76,62,0,200,200
im_275.jpg,72,32,129,97,0,200,200
im_275.jpg,124,76,194,138,0,200,200
im_275.jpg,3,139,51,197,0,200,200
im_276.jpg,96,9,143,56,0,200,200
im_276.jpg,119,41,187,112,0,200,200
im_276.jpg,163,111,200,192,0,200,200
im_277.jpg,5,4,104,63,1,200,200
im_277.jpg,116,6,188,42,0,200,200
im_277.jpg,166,27,197,119,0,200,200
im_277.jpg,4,139,45,200,0,200,200
im_278.jpg,109,5,193,60,1,200,200
im_278.jpg,8,47,79,149,0,200,200
im_278.jpg,103,149,185,197,0,200,200
im_279.jpg,25,16,75,68,0,200,200
im_279.jpg,79,23,160,108,0,200,200
im_279.jpg,144,93,198,182,0,200,200
im_28.jpg,20,6,101,82,1,200,200
im_28.jpg,8,102,83,200,0,200,200
im_280.jpg,5,123,87,198,0,200,200
im_281.jpg,43,22,111,92,0,200,200
im_281.jpg,93,96,159,172,0,200,200
im_282.jpg,89,4,186,72,0,200,200
im_282.jpg,170,71,200,133,0,200,200
im_283.jpg,4,52,70,141,0,200,200
im_283.jpg,44,119,149,200,0,200,200
im_284.jpg,63,38,114,80,0,200,200
im_284.jpg,40,92,146,196,0,200,200
im_285.jpg,155,4,197,49,0,200,200
im_286.jpg,4,89,72,195,0,200,200
im_287.jpg,112,3,196,135,0,200,200
im_288.jpg,29,12,96,56,0,200,200
im_288.jpg,12,42,66,114,0,200,200
im_288.jpg,9,108,52,165,0,200,200
im_288.jpg,150,78,198,131,0,200,200
im_288.jpg,122,166,198,199,0,200,200
im_289.jpg,127,3,183,60,0,200,200
im_289.jpg,109,88,181,132,0,200,200
im_289.jpg,104,135,180,189,0,200,200
im_289.jpg,4,2,32,48,0,200,200
im_29.jpg,135,4,198,83,1,200,200
im_29.jpg,79,151,153,196,1,200,200
im_29.jpg,74,98,137,147,0,200,200
im_290.jpg,74,115,138,198,0,200,200
im_291.jpg,36,38,78,70,0,200,200
im_291.jpg,42,80,92,129,0,200,200
im_291.jpg,57,125,101,167,0,200,200
im_291.jpg,53,179,121,199,0,200,200
im_291.jpg,184,2,197,74,0,200,200
im_293.jpg,103,2,166,52,0,200,200
im_293.jpg,89,42,168,106,0,200,200
im_293.jpg,81,107,168,194,0,200,200
im_292.jpg,113,3,186,105,0,200,200
im_294.jpg,85,4,138,57,0,200,200
im_294.jpg,89,46,152,96,0,200,200
im_294.jpg,86,101,148,191,0,200,200
im_295.jpg,88,41,134,103,0,200,200
im_295.jpg,58,1,110,28,0,200,200
im_296.jpg,89,79,199,197,1,200,200
im_297.jpg,67,4,160,73,0,200,200
im_297.jpg,62,81,157,184,0,200,200
im_298.jpg,94,3,152,58,0,200,200
im_298.jpg,54,75,143,174,1,200,200
im_299.jpg,118,5,151,37,0,200,200
im_299.jpg,129,54,177,104,0,200,200
im_299.jpg,100,112,177,161,1,200,200
im_3.jpg,12,5,55,49,0,200,200
im_3.jpg,65,26,106,83,0,200,200
im_3.jpg,109,47,157,112,0,200,200
im_3.jpg,162,86,196,155,0,200,200
im_3.jpg,5,134,52,195,0,200,200
im_30.jpg,119,36,195,156,0,200,200
im_30.jpg,161,164,198,197,1,200,200
im_300.jpg,89,2,166,38,1,200,200
im_301.jpg,6,101,70,195,1,200,200
im_303.jpg,178,41,200,118,0,200,200
im_304.jpg,114,3,168,69,0,200,200
im_304.jpg,93,58,160,175,0,200,200
im_305.jpg,92,5,129,40,0,200,200
im_305.jpg,71,39,125,84,0,200,200
im_305.jpg,72,80,137,142,0,200,200
im_305.jpg,59,141,128,197,0,200,200
im_306.jpg,43,10,108,67,0,200,200
im_306.jpg,48,66,110,123,0,200,200
im_306.jpg,64,131,119,197,0,200,200
im_307.jpg,11,2,70,74,0,200,200
im_307.jpg,40,115,113,196,0,200,200
im_307.jpg,164,2,199,62,0,200,200
im_308.jpg,59,4,146,55,0,200,200
im_308.jpg,44,50,129,111,0,200,200
im_308.jpg,33,113,134,192,0,200,200
im_309.jpg,57,11,139,59,0,200,200
im_309.jpg,50,92,132,159,0,200,200
im_31.jpg,4,72,120,198,1,200,200
im_31.jpg,157,2,199,75,0,200,200
im_310.jpg,49,3,120,41,0,200,200
im_310.jpg,54,37,129,119,0,200,200
im_310.jpg,57,130,149,198,0,200,200
im_311.jpg,50,2,116,41,0,200,200
im_311.jpg,71,59,144,125,0,200,200
im_311.jpg,78,132,149,191,0,200,200
im_312.jpg,14,6,103,71,0,200,200
im_312.jpg,7,75,87,200,0,200,200
im_313.jpg,34,56,125,160,0,200,200
im_314.jpg,65,12,155,108,0,200,200
im_316.jpg,7,7,86,139,0,200,200
im_316.jpg,7,147,63,197,0,200,200
im_317.jpg,46,2,122,58,0,200,200
im_317.jpg,12,56,131,193,0,200,200
im_318.jpg,99,54,177,128,0,200,200
im_318.jpg,93,154,183,198,1,200,200
im_319.jpg,134,16,199,97,0,200,200
im_32.jpg,27,90,102,154,0,200,200
im_32.jpg,37,36,104,87,0,200,200
im_32.jpg,51,6,115,27,0,200,200
im_320.jpg,14,3,75,30,0,200,200
im_320.jpg,32,30,102,86,0,200,200
im_320.jpg,52,87,119,155,0,200,200
im_320.jpg,73,139,144,200,0,200,200
im_321.jpg,34,40,67,77,0,200,200
im_321.jpg,58,74,124,154,0,200,200
im_321.jpg,81,148,162,200,0,200,200
im_322.jpg,9,7,73,71,0,200,200
im_322.jpg,39,59,118,131,0,200,200
im_322.jpg,161,4,199,43,0,200,200
im_323.jpg,31,42,110,134,0,200,200
im_323.jpg,123,142,195,198,0,200,200
im_324.jpg,97,18,181,138,0,200,200
im_324.jpg,130,142,198,199,0,200,200
im_325.jpg,108,3,180,58,0,200,200
im_325.jpg,150,61,197,138,0,200,200
im_326.jpg,109,2,181,48,0,200,200
im_327.jpg,3,36,43,114,0,200,200
im_327.jpg,21,115,78,171,0,200,200
im_327.jpg,82,160,133,199,0,200,200
im_328.jpg,142,7,200,107,0,200,200
im_329.jpg,4,25,32,85,0,200,200
im_329.jpg,8,75,69,177,0,200,200
im_33.jpg,22,28,105,111,0,200,200
im_33.jpg,6,119,109,198,0,200,200
im_330.jpg,21,4,85,51,0,200,200
im_330.jpg,53,82,124,149,0,200,200
im_330.jpg,81,151,177,198,0,200,200
im_331.jpg,51,6,119,31,0,200,200
im_331.jpg,122,42,187,135,0,200,200
im_333.jpg,4,4,83,90,0,200,200
im_333.jpg,36,90,147,194,0,200,200
im_334.jpg,98,4,163,46,0,200,200
im_334.jpg,151,61,200,142,0,200,200
im_336.jpg,93,10,149,61,0,200,200
im_336.jpg,92,67,142,105,0,200,200
im_336.jpg,90,117,137,196,0,200,200
im_337.jpg,38,5,93,64,0,200,200
im_337.jpg,26,72,99,120,0,200,200
im_337.jpg,36,127,99,197,0,200,200
im_338.jpg,6,6,46,63,0,200,200
im_338.jpg,5,67,60,114,0,200,200
im_338.jpg,16,118,62,164,0,200,200
im_338.jpg,25,162,78,198,0,200,200
im_338.jpg,141,4,196,34,0,200,200
im_338.jpg,160,28,199,90,0,200,200
im_339.jpg,106,4,166,52,0,200,200
im_339.jpg,145,79,197,152,0,200,200
im_339.jpg,5,111,67,198,0,200,200
im_34.jpg,22,5,93,91,0,200,200
im_34.jpg,44,109,107,199,0,200,200
im_340.jpg,62,1,127,45,0,200,200
im_340.jpg,51,37,122,100,0,200,200
im_340.jpg,37,102,120,197,0,200,200
im_341.jpg,30,2,105,40,0,200,200
im_341.jpg,30,75,105,154,0,200,200
im_342.jpg,23,12,95,56,0,200,200
im_342.jpg,30,59,114,128,0,200,200
im_342.jpg,41,132,121,199,0,200,200
im_343.jpg,14,15,106,89,0,200,200
im_343.jpg,34,87,133,159,0,200,200
im_343.jpg,53,155,143,200,0,200,200
im_344.jpg,29,3,105,58,0,200,200
im_344.jpg,5,141,86,199,0,200,200
im_345.jpg,23,3,111,60,0,200,200
im_345.jpg,16,137,107,197,0,200,200
im_346.jpg,47,3,135,91,0,200,200
im_346.jpg,56,114,157,195,0,200,200
im_347.jpg,87,3,160,41,0,200,200
im_347.jpg,109,49,187,148,0,200,200
im_347.jpg,130,148,200,200,0,200,200
im_348.jpg,6,2,69,42,0,200,200
im_348.jpg,6,46,71,137,0,200,200
im_348.jpg,9,160,63,199,0,200,200
im_349.jpg,14,4,125,67,0,200,200
im_349.jpg,25,73,126,161,0,200,200
im_349.jpg,35,149,116,197,0,200,200
im_35.jpg,24,4,91,46,0,200,200
im_35.jpg,30,45,114,115,0,200,200
im_35.jpg,57,113,127,177,0,200,200
im_350.jpg,123,142,186,198,0,200,200
im_351.jpg,133,3,200,67,0,200,200
im_352.jpg,100,4,142,46,0,200,200
im_352.jpg,150,31,187,83,0,200,200
im_352.jpg,18,172,85,198,0,200,200
im_353.jpg,118,3,157,57,0,200,200
im_354.jpg,10,63,46,114,0,200,200
im_354.jpg,46,95,96,148,0,200,200
im_354.jpg,111,146,143,191,0,200,200
im_354.jpg,151,168,192,200,0,200,200
im_354.jpg,133,6,160,40,0,200,200
im_354.jpg,174,32,199,75,0,200,200
im_355.jpg,26,59,64,106,0,200,200
im_355.jpg,78,72,123,138,0,200,200
im_355.jpg,130,130,166,179,0,200,200
im_355.jpg,170,147,199,199,0,200,200
im_355.jpg,143,6,172,49,0,200,200
im_355.jpg,176,26,199,72,0,200,200
im_356.jpg,79,9,125,75,0,200,200
im_356.jpg,116,52,162,115,0,200,200
im_356.jpg,169,132,198,175,0,200,200
im_357.jpg,135,9,186,71,0,200,200
im_357.jpg,13,174,67,198,0,200,200
im_358.jpg,5,63,39,113,0,200,200
im_359.jpg,5,13,40,59,0,200,200
im_359.jpg,54,49,104,100,0,200,200
im_359.jpg,110,94,152,141,0,200,200
im_359.jpg,175,130,200,185,0,200,200
im_36.jpg,6,41,68,109,0,200,200
im_36.jpg,3,116,58,199,0,200,200
im_360.jpg,5,97,41,154,0,200,200
im_361.jpg,59,4,124,80,0,200,200
im_361.jpg,117,58,171,125,0,200,200
im_362.jpg,165,3,197,61,0,200,200
im_362.jpg,3,121,60,200,0,200,200
im_363.jpg,26,64,67,117,0,200,200
im_363.jpg,94,116,171,187,0,200,200
im_364.jpg,95,50,154,93,0,200,200
im_364.jpg,152,125,198,193,0,200,200
im_366.jpg,46,0,133,106,0,200,200
im_367.jpg,166,4,200,42,0,200,200
im_367.jpg,4,154,81,197,0,200,200
im_368.jpg,83,3,110,22,0,200,200
im_368.jpg,104,19,140,46,0,200,200
im_368.jpg,128,43,172,77,0,200,200
im_368.jpg,151,75,185,113,0,200,200
im_368.jpg,5,121,32,170,0,200,200
im_368.jpg,18,150,78,200,0,200,200
im_369.jpg,72,16,98,34,0,200,200
im_369.jpg,100,25,149,64,0,200,200
im_369.jpg,127,56,171,85,0,200,200
im_369.jpg,7,105,61,170,0,200,200
im_369.jpg,48,164,106,198,0,200,200
im_37.jpg,17,7,92,63,0,200,200
im_37.jpg,11,76,105,145,0,200,200
im_370.jpg,31,1,62,24,0,200,200
im_370.jpg,66,11,100,51,0,200,200
im_370.jpg,102,28,146,77,0,200,200
im_370.jpg,149,53,188,110,0,200,200
im_370.jpg,13,127,46,161,0,200,200
im_370.jpg,50,157,87,196,0,200,200
im_371.jpg,22,5,54,41,0,200,200
im_371.jpg,56,22,89,67,0,200,200
im_371.jpg,99,53,132,87,0,200,200
im_371.jpg,140,80,180,129,0,200,200
im_371.jpg,16,113,72,166,0,200,200
im_371.jpg,74,152,111,197,0,200,200
im_372.jpg,38,4,98,54,0,200,200
im_372.jpg,105,70,164,131,0,200,200
im_372.jpg,155,134,200,191,0,200,200
im_373.jpg,93,17,131,59,0,200,200
im_373.jpg,133,38,179,92,0,200,200
im_373.jpg,5,162,47,199,0,200,200
im_374.jpg,94,1,125,31,0,200,200
im_374.jpg,129,14,179,66,0,200,200
im_374.jpg,19,147,70,184,0,200,200
im_375.jpg,116,2,163,46,0,200,200
im_375.jpg,168,27,199,85,0,200,200
im_375.jpg,4,58,30,115,0,200,200
im_375.jpg,39,95,84,156,0,200,200
im_375.jpg,95,165,139,198,0,200,200
im_376.jpg,6,108,57,163,0,200,200
im_377.jpg,5,2,33,43,0,200,200
im_377.jpg,78,77,153,170,0,200,200
im_377.jpg,135,157,187,198,0,200,200
im_378.jpg,75,4,115,40,0,200,200
im_378.jpg,132,46,174,98,0,200,200
im_379.jpg,43,149,100,197,0,200,200
im_38.jpg,39,42,121,109,0,200,200
im_38.jpg,54,145,130,192,0,200,200
im_380.jpg,24,12,106,104,0,200,200
im_382.jpg,37,125,99,186,0,200,200
im_383.jpg,65,3,110,46,0,200,200
im_383.jpg,119,33,190,107,0,200,200
im_384.jpg,45,8,106,49,0,200,200
im_384.jpg,26,33,83,95,0,200,200
im_384.jpg,11,96,60,151,0,200,200
im_384.jpg,11,148,54,199,0,200,200
im_384.jpg,147,155,198,200,0,200,200
im_385.jpg,6,26,47,104,0,200,200
im_385.jpg,163,15,196,71,0,200,200
im_385.jpg,157,66,193,129,0,200,200
im_385.jpg,150,133,196,188,0,200,200
im_386.jpg,116,1,169,44,0,200,200
im_386.jpg,112,48,186,131,0,200,200
im_386.jpg,125,136,192,198,0,200,200
im_387.jpg,78,1,129,46,0,200,200
im_387.jpg,93,52,158,111,0,200,200
im_387.jpg,107,110,175,171,0,200,200
im_387.jpg,125,171,177,200,0,200,200
im_388.jpg,119,105,190,199,0,200,200
im_389.jpg,132,53,192,124,0,200,200
im_39.jpg,54,6,159,69,0,200,200
im_39.jpg,86,69,192,161,0,200,200
im_390.jpg,126,5,200,63,0,200,200
im_390.jpg,124,74,197,135,0,200,200
im_390.jpg,138,140,196,197,0,200,200
im_391.jpg,117,5,177,42,0,200,200
im_391.jpg,142,45,195,117,0,200,200
im_391.jpg,146,115,199,200,0,200,200
im_392.jpg,57,42,161,116,0,200,200
im_392.jpg,37,145,133,200,0,200,200
im_392.jpg,114,2,167,33,0,200,200
im_393.jpg,118,4,188,72,0,200,200
im_393.jpg,85,76,181,174,0,200,200
im_394.jpg,156,8,200,100,0,200,200
im_394.jpg,155,117,194,198,0,200,200
im_395.jpg,176,8,199,142,0,200,200
im_396.jpg,50,1,135,57,0,200,200
im_396.jpg,11,83,111,148,0,200,200
im_396.jpg,79,158,131,200,1,200,200
im_396.jpg,131,68,195,196,1,200,200
im_397.jpg,83,3,170,76,0,200,200
im_397.jpg,71,89,172,199,0,200,200
im_398.jpg,133,1,199,131,0,200,200
im_4.jpg,116,3,200,98,0,200,200
im_40.jpg,4,13,65,120,0,200,200
im_40.jpg,6,137,39,200,0,200,200
im_400.jpg,26,3,60,28,1,200,200
im_400.jpg,80,7,119,51,1,200,200
im_400.jpg,123,6,159,54,0,200,200
im_400.jpg,107,52,156,97,0,200,200
im_400.jpg,75,101,150,176,0,200,200
im_401.jpg,78,4,146,58,0,200,200
im_401.jpg,41,3,65,47,1,200,200
im_401.jpg,17,76,66,116,1,200,200
im_402.jpg,76,3,127,100,0,200,200
im_403.jpg,13,4,88,79,1,200,200
im_403.jpg,112,3,200,104,1,200,200
im_403.jpg,5,98,28,143,1,200,200
im_403.jpg,81,172,165,197,0,200,200
im_404.jpg,43,154,94,196,0,200,200
im_404.jpg,122,87,200,196,1,200,200
im_405.jpg,62,1,164,61,0,200,200
im_405.jpg,5,2,49,70,1,200,200
im_405.jpg,66,70,143,163,0,200,200
im_405.jpg,4,97,37,192,1,200,200
im_407.jpg,89,5,149,54,0,200,200
im_407.jpg,107,58,159,126,0,200,200
im_407.jpg,132,147,185,198,0,200,200
im_408.jpg,28,47,85,95,1,200,200
im_408.jpg,9,42,60,133,0,200,200
im_408.jpg,130,2,193,24,1,200,200
im_409.jpg,69,2,143,63,0,200,200
im_409.jpg,60,65,152,196,0,200,200
im_41.jpg,6,87,105,200,0,200,200
im_410.jpg,98,4,156,53,0,200,200
im_410.jpg,78,44,97,66,1,200,200
im_411.jpg,148,36,191,109,0,200,200
im_411.jpg,167,144,197,197,0,200,200
im_412.jpg,5,2,56,74,0,200,200
im_412.jpg,5,118,50,200,0,200,200
im_413.jpg,48,4,131,90,0,200,200
im_413.jpg,5,117,52,199,1,200,200
im_413.jpg,63,112,118,198,0,200,200
im_416.jpg,5,3,75,32,0,200,200
im_416.jpg,8,97,54,154,0,200,200
im_416.jpg,76,83,100,118,0,200,200
im_416.jpg,92,35,157,85,0,200,200
im_416.jpg,146,6,199,54,0,200,200
im_416.jpg,106,163,170,199,0,200,200
im_416.jpg,173,141,200,175,0,200,200
im_417.jpg,8,102,66,161,1,200,200
im_417.jpg,49,5,133,51,1,200,200
im_417.jpg,142,4,197,63,1,200,200
im_417.jpg,139,61,197,148,1,200,200
im_417.jpg,73,62,121,102,0,200,200
im_418.jpg,5,4,43,39,1,200,200
im_418.jpg,156,3,198,85,1,200,200
im_418.jpg,112,18,150,71,0,200,200
im_418.jpg,80,38,120,99,0,200,200
im_418.jpg,42,66,94,128,0,200,200
im_418.jpg,33,123,97,196,1,200,200
im_418.jpg,3,103,34,188,1,200,200
im_418.jpg,155,146,199,198,0,200,200
im_419.jpg,6,108,64,178,0,200,200
im_419.jpg,61,50,109,102,0,200,200
im_419.jpg,102,30,138,64,0,200,200
im_419.jpg,120,4,167,39,0,200,200
im_42.jpg,69,52,143,129,0,200,200
im_420.jpg,58,4,131,59,0,200,200
im_420.jpg,7,47,65,101,0,200,200
im_420.jpg,31,86,115,186,1,200,200
im_420.jpg,141,114,197,189,0,200,200
im_421.jpg,22,77,87,156,1,200,200
im_421.jpg,7,83,45,147,0,200,200
im_421.jpg,60,25,111,84,0,200,200
im_421.jpg,109,21,149,48,0,200,200
im_421.jpg,159,4,198,79,1,200,200
im_422.jpg,5,2,70,61,1,200,200
im_422.jpg,121,5,168,52,0,200,200
im_422.jpg,71,53,122,103,0,200,200
im_422.jpg,35,110,85,157,0,200,200
im_422.jpg,6,148,44,197,0,200,200
im_423.jpg,149,60,181,88,0,200,200
im_423.jpg,102,89,159,135,0,200,200
im_423.jpg,60,116,132,185,0,200,200
im_424.jpg,23,44,90,113,0,200,200
im_424.jpg,60,3,133,64,0,200,200
im_425.jpg,73,66,133,129,0,200,200
im_425.jpg,129,4,188,76,0,200,200
im_426.jpg,130,105,197,177,0,200,200
im_427.jpg,30,0,92,42,0,200,200
im_427.jpg,3,30,61,115,0,200,200
im_428.jpg,63,117,131,184,0,200,200
im_43.jpg,131,4,200,75,0,200,200
im_43.jpg,132,97,199,199,0,200,200
im_430.jpg,84,1,176,74,0,200,200
im_430.jpg,32,68,120,153,0,200,200
im_430.jpg,5,137,91,198,0,200,200
im_431.jpg,142,122,200,199,0,200,200
im_431.jpg,174,32,200,123,0,200,200
im_432.jpg,4,5,43,49,1,200,200
im_432.jpg,6,48,45,107,1,200,200
im_432.jpg,67,2,123,40,0,200,200
im_432.jpg,55,36,110,81,0,200,200
im_432.jpg,38,69,88,119,0,200,200
im_432.jpg,27,104,81,182,0,200,200
im_432.jpg,129,53,184,104,1,200,200
im_432.jpg,124,112,181,165,1,200,200
im_433.jpg,6,122,61,191,1,200,200
im_433.jpg,29,3,103,109,1,200,200
im_433.jpg,109,0,171,106,1,200,200
im_433.jpg,166,5,197,105,0,200,200
im_433.jpg,147,106,198,196,0,200,200
im_434.jpg,125,31,170,80,0,200,200
im_434.jpg,121,117,179,174,0,200,200
im_434.jpg,5,143,45,200,1,200,200
im_435.jpg,80,5,143,65,0,200,200
im_435.jpg,96,64,166,125,0,200,200
im_435.jpg,108,153,192,199,0,200,200
im_436.jpg,76,17,189,91,1,200,200
im_436.jpg,37,58,184,139,1,200,200
im_436.jpg,6,34,39,196,1,200,200
im_436.jpg,11,5,44,35,0,200,200
im_437.jpg,155,4,199,45,0,200,200
im_437.jpg,111,100,178,171,0,200,200
im_437.jpg,111,89,185,176,0,200,200
im_437.jpg,151,2,200,42,0,200,200
im_438.jpg,131,113,197,177,0,200,200
im_439.jpg,122,1,175,32,0,200,200
im_439.jpg,115,44,197,103,0,200,200
im_439.jpg,148,97,199,170,0,200,200
im_440.jpg,106,26,162,98,0,200,200
im_440.jpg,12,111,93,198,1,200,200
im_440.jpg,79,123,144,189,0,200,200
im_441.jpg,122,72,177,129,0,200,200
im_441.jpg,128,5,197,53,0,200,200
im_442.jpg,125,4,198,80,0,200,200
im_442.jpg,123,74,198,188,0,200,200
im_443.jpg,159,4,199,59,0,200,200
im_443.jpg,152,52,197,135,0,200,200
im_444.jpg,5,2,62,45,1,200,200
im_444.jpg,40,37,95,106,0,200,200
im_444.jpg,17,134,64,200,0,200,200
im_445.jpg,70,4,185,77,0,200,200
im_445.jpg,66,72,159,174,0,200,200
im_446.jpg,139,4,197,62,0,200,200
im_446.jpg,138,60,196,197,0,200,200
im_447.jpg,5,117,40,200,0,200,200
im_448.jpg,42,3,121,84,0,200,200
im_448.jpg,21,77,87,132,0,200,200
im_448.jpg,6,127,72,197,0,200,200
im_448.jpg,154,134,200,198,0,200,200
im_449.jpg,4,0,53,50,0,200,200
im_449.jpg,139,8,197,73,0,200,200
im_449.jpg,143,81,199,153,0,200,200
im_449.jpg,121,141,197,197,0,200,200
im_449.jpg,4,111,37,195,0,200,200
im_45.jpg,3,0,110,111,0,200,200
im_45.jpg,12,137,89,199,0,200,200
im_450.jpg,84,3,154,55,0,200,200
im_450.jpg,86,50,153,99,0,200,200
im_450.jpg,91,94,172,142,0,200,200
im_450.jpg,99,137,169,199,0,200,200
im_451.jpg,34,5,97,76,0,200,200
im_451.jpg,39,74,125,134,0,200,200
im_451.jpg,60,139,155,199,0,200,200
im_452.jpg,4,1,52,85,0,200,200
im_452.jpg,144,3,199,83,0,200,200
im_452.jpg,137,58,199,132,0,200,200
im_452.jpg,99,131,191,197,0,200,200
im_453.jpg,135,4,189,58,0,200,200
im_453.jpg,119,53,192,122,0,200,200
im_453.jpg,105,160,186,200,0,200,200
im_454.jpg,83,0,178,46,0,200,200
im_454.jpg,101,47,172,105,0,200,200
im_454.jpg,100,109,183,165,0,200,200
im_454.jpg,110,166,191,199,0,200,200
im_455.jpg,85,16,171,88,0,200,200
im_455.jpg,104,86,175,156,0,200,200
im_455.jpg,102,156,198,199,0,200,200
im_456.jpg,79,8,177,73,0,200,200
im_456.jpg,73,73,169,146,0,200,200
im_456.jpg,62,144,124,197,0,200,200
im_457.jpg,107,4,188,67,0,200,200
im_457.jpg,92,75,184,174,0,200,200
im_458.jpg,118,3,196,54,0,200,200
im_458.jpg,110,55,199,152,0,200,200
im_459.jpg,127,4,196,113,0,200,200
im_46.jpg,109,91,196,195,0,200,200
im_460.jpg,22,2,152,78,0,200,200
im_460.jpg,17,78,117,198,0,200,200
im_461.jpg,66,22,174,170,0,200,200
im_462.jpg,134,31,198,175,0,200,200
im_463.jpg,5,78,33,190,0,200,200
im_464.jpg,6,4,31,57,1,200,200
im_464.jpg,33,5,74,68,0,200,200
im_464.jpg,14,76,67,138,1,200,200
im_464.jpg,7,128,76,199,1,200,200
im_464.jpg,143,34,200,108,0,200,200
im_464.jpg,126,102,185,164,0,200,200
im_464.jpg,98,144,162,198,0,200,200
im_465.jpg,5,3,50,87,0,200,200
im_465.jpg,152,5,199,44,0,200,200
im_465.jpg,116,30,188,114,0,200,200
im_465.jpg,78,117,165,193,0,200,200
im_466.jpg,12,109,75,183,1,200,200
im_466.jpg,29,3,88,51,1,200,200
im_466.jpg,107,2,173,39,0,200,200
im_466.jpg,96,41,159,121,0,200,200
im_466.jpg,80,132,138,197,0,200,200
im_467.jpg,5,4,72,77,1,200,200
im_467.jpg,86,3,150,43,0,200,200
im_467.jpg,73,36,141,93,0,200,200
im_467.jpg,34,73,80,138,1,200,200
im_467.jpg,74,87,125,142,0,200,200
im_467.jpg,62,131,131,193,0,200,200
im_467.jpg,150,68,180,99,1,200,200
im_467.jpg,140,16,175,50,1,200,200
im_468.jpg,4,62,46,142,1,200,200
im_468.jpg,7,146,76,197,0,200,200
im_468.jpg,73,2,133,88,0,200,200
im_468.jpg,48,60,109,131,0,200,200
im_469.jpg,57,2,138,35,0,200,200
im_469.jpg,42,29,117,103,0,200,200
im_469.jpg,8,89,87,164,0,200,200
im_469.jpg,24,165,59,197,0,200,200
im_470.jpg,45,32,110,83,0,200,200
im_470.jpg,25,82,98,160,0,200,200
im_470.jpg,15,149,79,196,0,200,200
im_471.jpg,59,2,131,46,0,200,200
im_471.jpg,54,46,115,107,0,200,200
im_471.jpg,35,110,122,177,0,200,200
im_472.jpg,146,52,200,141,0,200,200
im_472.jpg,114,122,200,198,0,200,200
im_472.jpg,5,29,38,76,0,200,200
im_473.jpg,3,35,33,161,0,200,200
im_473.jpg,172,53,199,194,0,200,200
im_474.jpg,3,15,61,113,0,200,200
im_474.jpg,4,126,47,186,0,200,200
im_475.jpg,18,4,119,53,0,200,200
im_475.jpg,14,57,123,152,0,200,200
im_475.jpg,20,150,87,200,0,200,200
im_476.jpg,130,3,190,48,0,200,200
im_476.jpg,29,149,100,200,0,200,200
im_477.jpg,140,0,198,139,0,200,200
im_477.jpg,118,162,193,199,0,200,200
im_479.jpg,19,4,122,59,0,200,200
im_479.jpg,13,63,87,153,0,200,200
im_48.jpg,61,3,127,73,0,200,200
im_48.jpg,17,93,81,167,0,200,200
im_48.jpg,4,160,52,200,0,200,200
im_48.jpg,147,113,198,198,0,200,200
im_48.jpg,166,34,198,111,0,200,200
im_49.jpg,6,5,42,65,0,200,200
im_49.jpg,5,68,31,135,0,200,200
im_49.jpg,111,4,163,48,0,200,200
im_49.jpg,113,48,159,126,0,200,200
im_49.jpg,106,137,147,200,0,200,200
im_49.jpg,177,114,200,156,1,200,200
im_5.jpg,5,62,63,155,0,200,200
im_5.jpg,53,131,110,198,0,200,200
im_50.jpg,40,4,82,53,0,200,200
im_50.jpg,5,49,50,165,1,200,200
im_50.jpg,47,75,98,142,0,200,200
im_50.jpg,41,142,108,199,0,200,200
im_50.jpg,157,3,192,54,0,200,200
im_50.jpg,176,75,196,107,0,200,200
im_51.jpg,106,17,154,66,1,200,200
im_51.jpg,77,3,119,47,0,200,200
im_51.jpg,89,61,177,120,0,200,200
im_51.jpg,130,120,197,200,0,200,200
im_52.jpg,5,2,33,58,0,200,200
im_52.jpg,161,152,200,200,1,200,200
im_52.jpg,119,30,169,79,0,200,200
im_52.jpg,100,77,165,136,0,200,200
im_52.jpg,80,135,162,197,0,200,200
im_53.jpg,85,3,149,68,0,200,200
im_53.jpg,78,65,143,117,0,200,200
im_53.jpg,73,117,154,196,0,200,200
im_54.jpg,47,4,104,54,0,200,200
im_54.jpg,44,41,113,113,0,200,200
im_54.jpg,49,112,123,173,0,200,200
im_55.jpg,155,3,200,81,0,200,200
im_55.jpg,6,2,35,28,0,200,200
im_55.jpg,23,29,50,69,0,200,200
im_55.jpg,31,78,65,117,0,200,200
im_55.jpg,43,121,87,193,0,200,200
im_56.jpg,147,3,199,41,1,200,200
im_56.jpg,72,3,140,62,0,200,200
im_56.jpg,48,69,146,129,0,200,200
im_56.jpg,21,125,107,198,0,200,200
im_57.jpg,70,2,148,55,0,200,200
im_57.jpg,53,75,135,121,0,200,200
im_57.jpg,51,112,135,197,0,200,200
im_58.jpg,59,2,123,38,0,200,200
im_58.jpg,73,30,142,88,0,200,200
im_58.jpg,70,105,148,175,0,200,200
im_58.jpg,154,82,200,150,1,200,200
im_59.jpg,54,3,97,34,0,200,200
im_59.jpg,81,49,111,104,0,200,200
im_59.jpg,93,135,138,179,0,200,200
im_6.jpg,21,16,77,82,0,200,200
im_6.jpg,68,48,135,132,0,200,200
im_6.jpg,124,121,178,184,0,200,200
im_60.jpg,117,1,179,39,1,200,200
im_60.jpg,133,104,199,200,1,200,200
im_60.jpg,4,30,101,116,0,200,200
im_60.jpg,6,128,68,200,0,200,200
im_61.jpg,8,26,107,120,1,200,200
im_61.jpg,45,4,149,84,0,200,200
im_61.jpg,4,125,45,195,1,200,200
im_61.jpg,44,126,125,195,0,200,200
im_62.jpg,60,1,161,86,0,200,200
im_62.jpg,36,87,112,190,1,200,200
im_62.jpg,105,151,185,198,1,200,200
im_63.jpg,117,4,171,54,0,200,200
im_63.jpg,144,112,191,166,0,200,200
im_64.jpg,51,10,120,88,0,200,200
im_64.jpg,109,73,191,166,0,200,200
im_65.jpg,39,5,115,66,0,200,200
im_65.jpg,111,26,162,105,0,200,200
im_65.jpg,142,80,198,141,0,200,200
im_66.jpg,64,3,149,74,0,200,200
im_66.jpg,141,40,199,110,0,200,200
im_66.jpg,22,145,88,200,0,200,200
im_67.jpg,89,4,137,48,0,200,200
im_67.jpg,140,13,200,91,0,200,200
im_67.jpg,7,85,107,190,0,200,200
im_68.jpg,8,95,100,198,0,200,200
im_69.jpg,5,2,49,61,0,200,200
im_69.jpg,38,28,95,106,0,200,200
im_69.jpg,66,89,133,169,0,200,200
im_69.jpg,119,138,191,197,0,200,200
im_7.jpg,46,1,157,89,0,200,200
im_7.jpg,4,147,42,198,0,200,200
im_7.jpg,167,80,199,139,0,200,200
im_70.jpg,37,2,122,77,0,200,200
im_70.jpg,117,41,177,118,0,200,200
im_70.jpg,162,89,200,182,0,200,200
im_71.jpg,135,9,198,79,0,200,200
im_71.jpg,21,149,78,200,0,200,200
im_71.jpg,5,106,47,162,0,200,200
im_72.jpg,20,1,98,43,0,200,200
im_72.jpg,87,65,191,193,0,200,200
im_73.jpg,163,31,198,101,0,200,200
im_73.jpg,128,5,176,33,0,200,200
im_74.jpg,77,132,153,198,0,200,200
im_74.jpg,18,50,92,176,0,200,200
im_74.jpg,5,8,40,84,0,200,200
im_75.jpg,19,1,92,31,0,200,200
im_75.jpg,123,37,197,174,0,200,200
im_76.jpg,116,6,199,114,0,200,200
im_77.jpg,9,91,114,199,0,200,200
im_77.jpg,6,9,39,97,0,200,200
im_78.jpg,90,3,170,60,0,200,200
im_78.jpg,143,34,200,141,0,200,200
im_79.jpg,32,101,127,197,0,200,200
im_79.jpg,5,39,47,153,0,200,200
im_8.jpg,14,60,97,158,0,200,200
im_8.jpg,65,131,172,199,0,200,200
im_80.jpg,8,4,77,52,0,200,200
im_80.jpg,5,56,47,134,0,200,200
im_80.jpg,162,3,200,41,0,200,200
im_80.jpg,137,44,198,108,0,200,200
im_80.jpg,121,128,186,193,0,200,200
im_81.jpg,104,4,162,74,0,200,200
im_81.jpg,85,69,159,154,0,200,200
im_81.jpg,81,155,162,198,0,200,200
im_82.jpg,40,4,100,47,0,200,200
im_82.jpg,45,47,111,112,0,200,200
im_82.jpg,52,116,125,198,0,200,200
im_83.jpg,125,4,195,64,0,200,200
im_83.jpg,142,63,200,158,0,200,200
im_83.jpg,6,3,46,88,0,200,200
im_83.jpg,7,87,78,197,0,200,200
im_84.jpg,82,40,164,104,0,200,200
im_84.jpg,73,99,153,169,0,200,200
im_85.jpg,86,34,151,84,0,200,200
im_85.jpg,72,71,158,134,0,200,200
im_85.jpg,59,168,147,200,0,200,200
im_86.jpg,121,32,187,113,1,200,200
im_86.jpg,46,57,102,118,1,200,200
im_86.jpg,80,171,161,199,1,200,200
im_86.jpg,76,110,132,163,0,200,200
im_86.jpg,54,3,108,53,0,200,200
im_87.jpg,35,4,92,64,0,200,200
im_87.jpg,55,43,137,133,0,200,200
im_87.jpg,84,148,156,200,0,200,200
im_88.jpg,44,51,115,143,0,200,200
im_88.jpg,20,136,114,198,0,200,200
im_89.jpg,56,5,149,91,0,200,200
im_89.jpg,67,114,149,200,0,200,200
im_89.jpg,159,0,200,50,1,200,200
im_9.jpg,63,1,157,86,0,200,200
im_9.jpg,147,39,200,123,0,200,200
im_9.jpg,173,118,199,174,0,200,200
im_90.jpg,76,3,166,62,1,200,200
im_90.jpg,96,60,156,112,0,200,200
im_90.jpg,109,153,157,199,0,200,200
im_91.jpg,103,24,165,89,0,200,200
im_91.jpg,118,85,198,191,0,200,200
im_92.jpg,12,18,100,128,0,200,200
im_92.jpg,3,126,72,197,0,200,200
im_93.jpg,73,5,163,63,0,200,200
im_93.jpg,96,119,155,177,0,200,200
im_94.jpg,142,55,199,162,1,200,200
im_94.jpg,121,34,169,96,0,200,200
im_95.jpg,5,93,81,197,1,200,200
im_95.jpg,128,2,175,42,1,200,200
im_95.jpg,161,20,200,101,0,200,200
im_96.jpg,42,3,107,42,0,200,200
im_96.jpg,103,7,153,74,0,200,200
im_96.jpg,169,84,199,135,0,200,200
im_96.jpg,5,158,55,200,0,200,200
im_97.jpg,134,2,186,54,0,200,200
im_97.jpg,3,64,38,133,0,200,200
im_97.jpg,31,99,93,178,0,200,200
im_97.jpg,86,150,129,197,0,200,200
im_98.jpg,14,28,70,103,0,200,200
im_98.jpg,67,53,125,143,0,200,200
im_99.jpg,7,4,99,67,0,200,200
im_99.jpg,106,20,163,110,0,200,200
im_99.jpg,163,69,198,149,0,200,200
im_99.jpg,3,154,97,198,0,200,200